name,CMC,Type,Color,Set,Collector Number,Rarity,Color Category,status,Finish,maybeboard,image URL,image Back URL,tags,Notes,MTGO ID
"Descendant of Storms",1,"Creature - Human Soldier",W,"tdm","8",uncommon,White,Not Owned,Non-foil,false,,,"","",138959
"Giver of Runes",1,"Creature - Kor Cleric",W,"mh1","13",rare,White,Not Owned,Non-foil,false,,,"","",72398
"Guide of Souls",1,"Creature - Human Cleric",W,"mh3","29",rare,White,Not Owned,Non-foil,false,,,"","",126075
"Ademi of the Silkchutes",1,"Creature - Rabbit Advisor",W,"blb","1",uncommon,White,Not Owned,Non-foil,false,,,"","",129249
"Mother of Runes",1,"Creature - Human Cleric",W,"ulg","14",uncommon,White,Not Owned,Non-foil,false,,,"","",12553
"Ocelot Pride",1,"Creature - Cat",W,"mh3","38",mythic,White,Not Owned,Non-foil,false,,,"","",126093
"Thraben Inspector",1,"Creature - Human Soldier",W,"soi","44",common,White,Not Owned,Non-foil,false,,,"","",60240
"Cathar Commando",2,"Creature - Human Soldier",W,"mid","10",common,White,Not Owned,Non-foil,false,,,"","",92942
"Makdee and Itla, Skysnarers",2,"Legendary Creature - Bird Scout",UW,"blb","222",rare,Multicolored,Not Owned,Non-foil,false,,,"","",129670
"Containment Priest",2,"Creature - Human Cleric",W,"c14","5",rare,White,Not Owned,Non-foil,false,,,"","",55177
"Jacked Rabbit",2,"Creature - Rabbit Warrior",W,"blc","9",rare,White,Not Owned,Non-foil,false,,,"","",128917
"Lion Sash",2,"Artifact Creature - Equipment Cat",W,"neo","26",rare,White,Not Owned,Non-foil,false,,,"","",96962
"Luminarch Aspirant",2,"Creature - Human Cleric",W,"znr","24",rare,White,Not Owned,Non-foil,false,,,"","",82987
"Phelia, Exuberant Shepherd",2,"Legendary Creature - Dog",W,"mh3","40",rare,White,Not Owned,Non-foil,false,,,"","",126097
"Securitron Squadron",2,"Artifact Creature - Robot",W,"pip","23",rare,White,Not Owned,Non-foil,false,,,"","",132293
"Stoneforge Mystic",2,"Creature - Kor Artificer",W,"wwk","20",rare,White,Not Owned,Non-foil,false,,,"","",35737
"Thalia, Guardian of Thraben",2,"Legendary Creature - Human Soldier",W,"dka","24",rare,White,Not Owned,Non-foil,false,,,"","",43469
"Voice of Victory",2,"Creature - Human Bard",W,"tdm","33",rare,White,Not Owned,Non-foil,false,,,"","",139011
"Adeline, Resplendent Cathar",3,"Legendary Creature - Human Knight",W,"mid","1",rare,White,Not Owned,Non-foil,false,,,"","",92916
"Cosmogrand Zenith",3,"Creature - Human Soldier",W,"eoe","9",mythic,White,Not Owned,Non-foil,false,,,"","",142631
"Elite Spellbinder",3,"Creature - Human Cleric",W,"stx","17",rare,White,Not Owned,Non-foil,false,,,"","",88511
"Enduring Innocence",3,"Enchantment Creature - Sheep Glimmer",W,"dsk","6",rare,White,Not Owned,Non-foil,false,,,"","",130143
"Flickerwisp",3,"Creature - Elemental",W,"eve","6",uncommon,White,Not Owned,Non-foil,false,,,"","",29970
"Loran of the Third Path",3,"Legendary Creature - Human Artificer",W,"bro","12",rare,White,Not Owned,Non-foil,false,,,"","",104642
"Skyclave Apparition",3,"Creature - Kor Spirit",W,"znr","39",rare,White,Not Owned,Non-foil,false,,,"","",83023
"Palace Jailer",4,"Creature - Human Soldier",W,"cn2","18",uncommon,White,Not Owned,Non-foil,false,,,"","",
"Serra Paragon",4,"Creature - Angel",W,"dmu","32",mythic,White,Not Owned,Non-foil,false,,,"","",102540
"Witch Enchanter",4,"Creature - Human Warlock",W,"mh3","239",uncommon,White,Not Owned,Non-foil,false,,,"","",126501
"Solitude",5,"Creature - Elemental Incarnation",W,"mh2","32",mythic,White,Not Owned,Non-foil,false,,,"","",90433
"Eagles of the North",6,"Creature - Bird Soldier",W,"ltr","7",common,White,Not Owned,Non-foil,false,,,"","",111924
"Overlord of the Mistmoors",7,"Enchantment Creature - Avatar Horror",W,"dsk","23",mythic,White,Not Owned,Non-foil,false,,,"","",130177
"Elspeth, Knight-Errant",4,"Legendary Planeswalker - Elspeth",W,"ala","9",mythic,White,Not Owned,Non-foil,false,,,"","",30927
"The Wandering Emperor",4,"Legendary Planeswalker",W,"neo","42",mythic,White,Not Owned,Non-foil,false,,,"","",96998
"Elspeth, Storm Slayer",5,"Legendary Planeswalker - Elspeth",W,"tdm","11",mythic,White,Not Owned,Non-foil,false,,,"","",138965
"Ephemerate",1,"Instant",W,"mh1","7",common,White,Not Owned,Non-foil,false,,,"","",72386
"Mana Tithe",1,"Instant",W,"plc","25",common,White,Not Owned,Non-foil,false,,,"","",26511
"Path to Exile",1,"Instant",W,"con","15",uncommon,White,Not Owned,Non-foil,false,,,"","",31733
"Swords to Plowshares",1,"Instant",W,"lea","40",uncommon,White,Not Owned,Non-foil,false,,,"","",
"Get Lost",2,"Instant",W,"lci","14",rare,White,Not Owned,Non-foil,false,,,"","",117806
"Reprieve",2,"Instant",W,"ltr","26",uncommon,White,Not Owned,Non-foil,false,,,"","",111962
"Unexpectedly Absent",2,"Instant",W,"c13","25",rare,White,Not Owned,Non-foil,false,,,"","",51336
"Oust",1,"Sorcery",W,"roe","40",uncommon,White,Not Owned,Non-foil,false,,,"","",36682
"Prismatic Ending",1,"Sorcery",W,"mh2","25",uncommon,White,Not Owned,Non-foil,false,,,"","",90419
"Balance",2,"Sorcery",W,"lea","3",rare,White,Not Owned,Non-foil,false,,,"","",
"Winds of Abandon",2,"Sorcery",W,"mh1","37",rare,White,Not Owned,Non-foil,false,,,"","",72446
"Council's Judgment",3,"Sorcery",W,"cns","16",rare,White,Not Owned,Non-foil,false,,,"","",
"Wrath of God",4,"Sorcery",W,"lea","45",rare,White,Not Owned,Non-foil,false,,,"","",
"Sunfall",5,"Sorcery",W,"mom","40",rare,White,Not Owned,Non-foil,false,,,"","",109890
"Mox Pearl",0,"Artifact",W,"lea","263",rare,White,Not Owned,Non-foil,false,,,"","",651
"Portable Hole",1,"Artifact",W,"afr","33",uncommon,White,Not Owned,Non-foil,false,,,"","",91568
"Glimmer Lens",2,"Artifact - Equipment",W,"onc","6",rare,White,Not Owned,Non-foil,false,,,"","",106875
"Staff of the Storyteller",2,"Artifact",W,"onc","10",rare,White,Not Owned,Non-foil,false,,,"","",106883
"Static Prison",1,"Enchantment",W,"mh3","44",uncommon,White,Not Owned,Non-foil,false,,,"","",126105
"Touch the Spirit Realm",3,"Enchantment",W,"neo","40",uncommon,White,Not Owned,Non-foil,false,,,"","",96994
"Parallax Wave",4,"Enchantment",W,"nem","17",rare,White,Not Owned,Non-foil,false,,,"","",13747
"Virtue of Loyalty",5,"Enchantment",W,"woe","38",mythic,White,Not Owned,Non-foil,false,,,"","",116368
"Leyline Binding",6,"Enchantment",W,"dmu","24",rare,White,Not Owned,Non-foil,false,,,"","",102524
"Duelist of the Mind",2,"Creature - Human Advisor",U,"otj","45",rare,Blue,Not Owned,Non-foil,false,,,"","",124001
"Faerie Mastermind",2,"Creature - Faerie Rogue",U,"mom","58",rare,Blue,Not Owned,Non-foil,false,,,"","",109930
"Jace, Vryn's Prodigy",2,"Legendary Creature - Human Wizard",U,"ori","60",mythic,Blue,Not Owned,Non-foil,false,,,"","",57880
"Kitsa, Otterball Elite",2,"Legendary Creature - Otter Wizard",U,"blb","54",mythic,Blue,Not Owned,Non-foil,false,,,"","",129353
"Ledger Shredder",2,"Creature - Bird Advisor",U,"snc","46",rare,Blue,Not Owned,Non-foil,false,,,"","",98311
"Malcolm, Alluring Scoundrel",2,"Legendary Creature - Siren Pirate",U,"lci","63",rare,Blue,Not Owned,Non-foil,false,,,"","",117924
"Phantasmal Image",2,"Creature - Illusion",U,"m12","72",rare,Blue,Not Owned,Non-foil,false,,,"","",41369
"Snapcaster Mage",2,"Creature - Human Wizard",U,"isd","78",rare,Blue,Not Owned,Non-foil,false,,,"","",42512
"Thassa's Oracle",2,"Creature - Merfolk Wizard",U,"thb","73",rare,Blue,Not Owned,Non-foil,false,,,"","",79270
"Thieving Skydiver",2,"Creature - Merfolk Rogue",U,"znr","85",rare,Blue,Not Owned,Non-foil,false,,,"","",83127
"Thundertrap Trainer",2,"Creature - Otter Wizard",U,"blb","78",rare,Blue,Not Owned,Non-foil,false,,,"","",129401
"Abhorrent Oculus",3,"Creature - Eye",U,"dsk","42",mythic,Blue,Not Owned,Non-foil,false,,,"","",130215
"Brazen Borrower",3,"Creature - Faerie Rogue",U,"eld","39",mythic,Blue,Not Owned,Non-foil,false,,,"","",78180
"Emry, Lurker of the Loch",3,"Legendary Creature - Merfolk Wizard",U,"eld","43",rare,Blue,Not Owned,Non-foil,false,,,"","",78190
"Forensic Gadgeteer",3,"Creature - Vedalken Artificer Detective",U,"mkm","57",rare,Blue,Not Owned,Non-foil,false,,,"","",121600
"Hullbreacher",3,"Creature - Merfolk Pirate",U,"cmr","74",rare,Blue,Not Owned,Non-foil,false,,,"","",84930
"Spellseeker",3,"Creature - Human Wizard",U,"bbd","41",rare,Blue,Not Owned,Non-foil,false,,,"","",68810
"Tishana's Tidebinder",3,"Creature - Merfolk Wizard",U,"lci","81",rare,Blue,Not Owned,Non-foil,false,,,"","",117962
"Trinket Mage",3,"Creature - Human Wizard",U,"5dn","39",common,Blue,Not Owned,Non-foil,false,,,"","",20718
"Displacer Kitten",4,"Creature - Cat Beast",U,"clb","63",rare,Blue,Not Owned,Non-foil,false,,,"","",100124
"Phyrexian Metamorph",4,"Artifact Creature - Phyrexian Shapeshifter",U,"nph","42",rare,Blue,Not Owned,Non-foil,false,,,"","",39734
"Subtlety",4,"Creature - Elemental Incarnation",U,"mh2","67",mythic,Blue,Not Owned,Non-foil,false,,,"","",90507
"Urza, Lord High Artificer",4,"Legendary Creature - Human Artificer",U,"mh1","75",mythic,Blue,Not Owned,Non-foil,false,,,"","",72522
"Quantum Riddler",5,"Creature - Sphinx",U,"eoe","72",mythic,Blue,Not Owned,Non-foil,false,,,"","",142757
"Kappa Cannoneer",6,"Artifact Creature - Turtle Warrior",U,"nec","14",rare,Blue,Not Owned,Non-foil,false,,,"","",97776
"Spectral Restitching",4,"Instant",U,"mom","72",uncommon,Blue,Not Owned,Non-foil,false,,,"","",109960
"Narset, Parter of Veils",3,"Legendary Planeswalker - Narset",U,"war","61",uncommon,Blue,Not Owned,Non-foil,false,,,"","",71728
"Jace, the Mind Sculptor",4,"Legendary Planeswalker - Jace",U,"wwk","31",mythic,Blue,Not Owned,Non-foil,false,,,"","",35591
"Jace, Wielder of Mysteries",4,"Legendary Planeswalker - Jace",U,"war","54",rare,Blue,Not Owned,Non-foil,false,,,"","",71714
"Ancestral Recall",1,"Instant",U,"lea","47",rare,Blue,Not Owned,Non-foil,false,,,"","",315
"Brainstorm",1,"Instant",U,"ice","61",common,Blue,Not Owned,Non-foil,false,,,"","",24401
"Consider",1,"Instant",U,"mid","44",common,Blue,Not Owned,Non-foil,false,,,"","",93020
"Mystical Tutor",1,"Instant",U,"mir","80",uncommon,Blue,Not Owned,Non-foil,false,,,"","",7163
"Occult Epiphany",1,"Instant",U,"voc","14",rare,Blue,Not Owned,Non-foil,false,,,"","",95186
"Spell Pierce",1,"Instant",U,"zen","67",common,Blue,Not Owned,Non-foil,false,,,"","",34442
"Stern Scolding",1,"Instant",U,"ltr","71",uncommon,Blue,Not Owned,Non-foil,false,,,"","",112052
"Thought Scour",1,"Instant",U,"dka","52",common,Blue,Not Owned,Non-foil,false,,,"","",43399
"Brain Freeze",2,"Instant",U,"scg","29",uncommon,Blue,Not Owned,Non-foil,false,,,"","",18932
"Consult the Star Charts",2,"Instant",U,"eoe","51",rare,Blue,Not Owned,Non-foil,false,,,"","",142715
"Counterspell",2,"Instant",U,"lea","54",uncommon,Blue,Not Owned,Non-foil,false,,,"","",
"Daze",2,"Instant",U,"nem","30",common,Blue,Not Owned,Non-foil,false,,,"","",14009
"Flash",2,"Instant",U,"mir","66",rare,Blue,Not Owned,Non-foil,false,,,"","",6981
"Lose Focus",2,"Instant",U,"mh2","49",common,Blue,Not Owned,Non-foil,false,,,"","",90467
"Mana Drain",2,"Instant",U,"leg","65",uncommon,Blue,Not Owned,Non-foil,false,,,"","",
"Mana Leak",2,"Instant",U,"sth","36",common,Blue,Not Owned,Non-foil,false,,,"","",10307
"Memory Lapse",2,"Instant",U,"hml","32a",common,Blue,Not Owned,Non-foil,false,,,"","",
"Miscalculation",2,"Instant",U,"ulg","36",common,Blue,Not Owned,Non-foil,false,,,"","",12607
"Remand",2,"Instant",U,"rav","63",uncommon,Blue,Not Owned,Non-foil,false,,,"","",23174
"Brainsurge",3,"Instant",U,"mh3","53",uncommon,Blue,Not Owned,Non-foil,false,,,"","",126123
"Force of Negation",3,"Instant",U,"mh1","52",rare,Blue,Not Owned,Non-foil,false,,,"","",72476
"Frantic Search",3,"Instant",U,"ulg","32",common,Blue,Not Owned,Non-foil,false,,,"","",12615
"Sink into Stupor",3,"Instant",U,"mh3","241",uncommon,Blue,Not Owned,Non-foil,false,,,"","",126509
"Cryptic Command",4,"Instant",U,"lrw","56",rare,Blue,Not Owned,Non-foil,false,,,"","",28499
"Paradoxical Outcome",4,"Instant",U,"kld","60",rare,Blue,Not Owned,Non-foil,false,,,"","",61909
"Force of Will",5,"Instant",U,"all","28",uncommon,Blue,Not Owned,Non-foil,false,,,"","",
"Gush",5,"Instant",U,"mmq","82",common,Blue,Not Owned,Non-foil,false,,,"","",13659
"Mystic Confluence",5,"Instant",U,"c15","14",rare,Blue,Not Owned,Non-foil,false,,,"","",
"Gitaxian Probe",1,"Sorcery",U,"nph","35",common,Blue,Not Owned,Non-foil,false,,,"","",39976
"Ponder",1,"Sorcery",U,"lrw","79",common,Blue,Not Owned,Non-foil,false,,,"","",28339
"Preordain",1,"Sorcery",U,"m11","70",common,Blue,Not Owned,Non-foil,false,,,"","",37388
"Time Walk",2,"Sorcery",U,"lea","83",rare,Blue,Not Owned,Non-foil,false,,,"","",817
"Show and Tell",3,"Sorcery",U,"usg","96",rare,Blue,Not Owned,Non-foil,false,,,"","",12139
"Stock Up",3,"Sorcery",U,"dft","67",uncommon,Blue,Not Owned,Non-foil,false,,,"","",136257
"Timetwister",3,"Sorcery",U,"lea","84",rare,Blue,Not Owned,Non-foil,false,,,"","",819
"Tinker",3,"Sorcery",U,"ulg","45",uncommon,Blue,Not Owned,Non-foil,false,,,"","",12623
"Lórien Revealed",5,"Sorcery",U,"ltr","60",common,Blue,Not Owned,Non-foil,false,,,"","",112030
"Time Warp",5,"Sorcery",U,"tmp","97",rare,Blue,Not Owned,Non-foil,false,,,"","",9895
"Echo of Eons",6,"Sorcery",U,"mh1","46",mythic,Blue,Not Owned,Non-foil,false,,,"","",72464
"Time Spiral",6,"Sorcery",U,"usg","103",rare,Blue,Not Owned,Non-foil,false,,,"","",12385
"Upheaval",6,"Sorcery",U,"ody","113",rare,Blue,Not Owned,Non-foil,false,,,"","",16811
"Treasure Cruise",8,"Sorcery",U,"ktk","59",common,Blue,Not Owned,Non-foil,false,,,"","",54300
"Mox Sapphire",0,"Artifact",U,"lea","265",rare,Blue,Not Owned,Non-foil,false,,,"","",655
"Aether Spellbomb",1,"Artifact",U,"mrd","141",common,Blue,Not Owned,Non-foil,false,,,"","",19871
"Astrologian's Planisphere",2,"Artifact - Equipment",U,"fin","46",rare,Blue,Not Owned,Non-foil,false,,,"","",141017
"Stormchaser's Talent",1,"Enchantment - Class",U,"blb","75",rare,Blue,Not Owned,Non-foil,false,,,"","",129395
"Proft's Eidetic Memory",2,"Legendary Enchantment",U,"mkm","67",rare,Blue,Not Owned,Non-foil,false,,,"","",121620
"Concealing Curtains",1,"Creature - Wall",B,"vow","101",rare,Black,Not Owned,Non-foil,false,,,"","",94522
"Nethergoyf",1,"Creature - Lhurgoyf",B,"mh3","103",mythic,Black,Not Owned,Non-foil,false,,,"","",126223
"Caustic Bronco",2,"Creature - Snake Horse Mount",B,"otj","82",rare,Black,Not Owned,Non-foil,false,,,"","",124075
"Dark Confidant",2,"Creature - Human Wizard",B,"rav","81",rare,Black,Not Owned,Non-foil,false,,,"","",23084
"Dauthi Voidwalker",2,"Creature - Dauthi Rogue",B,"mh2","81",rare,Black,Not Owned,Non-foil,false,,,"","",90535
"Deep-Cavern Bat",2,"Creature - Bat",B,"lci","102",uncommon,Black,Not Owned,Non-foil,false,,,"","",118008
"Emperor of Bones",2,"Creature - Skeleton Noble",B,"mh3","90",rare,Black,Not Owned,Non-foil,false,,,"","",126197
"Kitesail Freebooter",2,"Creature - Human Pirate",B,"xln","110",uncommon,Black,Not Owned,Non-foil,false,,,"","",65236
"Orcish Bowmasters",2,"Creature - Orc Archer",B,"ltr","103",rare,Black,Not Owned,Non-foil,false,,,"","",112116
"Vampire Hexmage",2,"Creature - Vampire Shaman",B,"zen","114",uncommon,Black,Not Owned,Non-foil,false,,,"","",34690
"Barrowgoyf",3,"Creature - Lhurgoyf",B,"m3c","102",rare,Black,Not Owned,Non-foil,false,,,"","",127403
"Preacher of the Schism",3,"Creature - Vampire Cleric",B,"lci","113",rare,Black,Not Owned,Non-foil,false,,,"","",118032
"Sedgemoor Witch",3,"Creature - Human Warlock",B,"stx","86",rare,Black,Not Owned,Non-foil,false,,,"","",88649
"Grief",4,"Creature - Elemental Incarnation",B,"mh2","87",mythic,Black,Not Owned,Non-foil,false,,,"","",90547
"Sheoldred, the Apocalypse",4,"Legendary Creature - Phyrexian Praetor",B,"dmu","107",mythic,Black,Not Owned,Non-foil,false,,,"","",102690
"Harvester of Misery",5,"Creature - Spirit",B,"big","9",mythic,Black,Not Owned,Non-foil,false,,,"","",125379
"Overlord of the Balemurk",5,"Enchantment Creature - Avatar Horror",B,"dsk","113",mythic,Black,Not Owned,Non-foil,false,,,"","",130357
"Crabomination",6,"Creature - Crab Demon",B,"mh3","85",rare,Black,Not Owned,Non-foil,false,,,"","",126187
"Grave Titan",6,"Creature - Giant",B,"m11","97",mythic,Black,Not Owned,Non-foil,false,,,"","",37374
"Metamorphosis Fanatic",6,"Creature - Human Cleric",B,"dsc","21",rare,Black,Not Owned,Non-foil,false,,,"","",131363
"Troll of Khazad-dûm",6,"Creature - Troll",B,"ltr","111",common,Black,Not Owned,Non-foil,false,,,"","",112132
"Archon of Cruelty",8,"Creature - Archon",B,"mh2","75",mythic,Black,Not Owned,Non-foil,false,,,"","",90523
"Griselbrand",8,"Legendary Creature - Demon",B,"avr","106",mythic,Black,Not Owned,Non-foil,false,,,"","",44125
"Liliana of the Veil",3,"Legendary Planeswalker - Liliana",B,"isd","105",mythic,Black,Not Owned,Non-foil,false,,,"","",42616
"Cut Down",1,"Instant",B,"dmu","89",uncommon,Black,Not Owned,Non-foil,false,,,"","",102654
"Dark Ritual",1,"Instant",B,"lea","98",common,Black,Not Owned,Non-foil,false,,,"","",
"Entomb",1,"Instant",B,"ody","132",rare,Black,Not Owned,Non-foil,false,,,"","",17047
"Fatal Push",1,"Instant",B,"aer","57",uncommon,Black,Not Owned,Non-foil,false,,,"","",62689
"Vampiric Tutor",1,"Instant",B,"vis","72",rare,Black,Not Owned,Non-foil,false,,,"","",7777
"Bitter Triumph",2,"Instant",B,"lci","91",uncommon,Black,Not Owned,Non-foil,false,,,"","",117986
"Cabal Ritual",2,"Instant",B,"tor","51",common,Black,Not Owned,Non-foil,false,,,"","",17191
"Infernal Grasp",2,"Instant",B,"mid","107",uncommon,Black,Not Owned,Non-foil,false,,,"","",93174
"Shallow Grave",2,"Instant",B,"mir","141",rare,Black,Not Owned,Non-foil,false,,,"","",7297
"Sheoldred's Edict",2,"Instant",B,"one","108",uncommon,Black,Not Owned,Non-foil,false,,,"","",106431
"Corpse Dance",3,"Instant",B,"tmp","116",rare,Black,Not Owned,Non-foil,false,,,"","",9801
"Dismember",3,"Instant",B,"nph","57",uncommon,Black,Not Owned,Non-foil,false,,,"","",39944
"Baleful Mastery",4,"Instant",B,"stx","64",rare,Black,Not Owned,Non-foil,false,,,"","",88605
"Snuff Out",4,"Instant",B,"mmq","162",common,Black,Not Owned,Non-foil,false,,,"","",13495
"Bloodchief's Thirst",1,"Sorcery",B,"znr","94",uncommon,Black,Not Owned,Non-foil,false,,,"","",83151
"Bone Shards",1,"Sorcery",B,"mh2","76",common,Black,Not Owned,Non-foil,false,,,"","",90525
"Duress",1,"Sorcery",B,"usg","132",common,Black,Not Owned,Non-foil,false,,,"","",12317
"Imperial Seal",1,"Sorcery",B,"ptk","78",rare,Black,Not Owned,Non-foil,false,,,"","",
"Inquisition of Kozilek",1,"Sorcery",B,"roe","115",uncommon,Black,Not Owned,Non-foil,false,,,"","",36360
"Mind Twist",1,"Sorcery",B,"lea","115",rare,Black,Not Owned,Non-foil,false,,,"","",
"Reanimate",1,"Sorcery",B,"tmp","151",uncommon,Black,Not Owned,Non-foil,false,,,"","",9989
"Thoughtseize",1,"Sorcery",B,"lrw","145",rare,Black,Not Owned,Non-foil,false,,,"","",28269
"Unearth",1,"Sorcery",B,"ulg","72",common,Black,Not Owned,Non-foil,false,,,"","",12585
"Chain of Smog",2,"Sorcery",B,"ons","132",uncommon,Black,Not Owned,Non-foil,false,,,"","",17959
"Collective Brutality",2,"Sorcery",B,"emn","85",rare,Black,Not Owned,Non-foil,false,,,"","",61144
"Demonic Tutor",2,"Sorcery",B,"lea","104",uncommon,Black,Not Owned,Non-foil,false,,,"","",
"Exhume",2,"Sorcery",B,"usg","134",common,Black,Not Owned,Non-foil,false,,,"","",11897
"Hymn to Tourach",2,"Sorcery",B,"fem","38a",common,Black,Not Owned,Non-foil,false,,,"","",
"Night's Whisper",2,"Sorcery",B,"5dn","55",uncommon,Black,Not Owned,Non-foil,false,,,"","",20816
"Doomsday",3,"Sorcery",B,"wth","66",rare,Black,Not Owned,Non-foil,false,,,"","",9279
"Toxic Deluge",3,"Sorcery",B,"c13","96",rare,Black,Not Owned,Non-foil,false,,,"","",51366
"Yawgmoth's Will",3,"Sorcery",B,"usg","171",rare,Black,Not Owned,Non-foil,false,,,"","",12349
"Tendrils of Agony",4,"Sorcery",B,"scg","75",uncommon,Black,Not Owned,Non-foil,false,,,"","",18866
"Mox Jet",0,"Artifact",B,"lea","262",rare,Black,Not Owned,Non-foil,false,,,"","",649
"Wishclaw Talisman",2,"Artifact",B,"eld","110",rare,Black,Not Owned,Non-foil,false,,,"","",78342
"Bolas's Citadel",6,"Legendary Artifact",B,"war","79",rare,Black,Not Owned,Non-foil,false,,,"","",71764
"Animate Dead",2,"Enchantment - Aura",B,"lea","92",uncommon,Black,Not Owned,Non-foil,false,,,"","",
"Necromancy",3,"Enchantment",B,"vis","64",uncommon,Black,Not Owned,Non-foil,false,,,"","",7649
"Recurring Nightmare",3,"Enchantment",B,"exo","72",rare,Black,Not Owned,Non-foil,false,,,"","",10583
"Dragon's Rage Channeler",1,"Creature - Human Shaman",R,"mh2","121",uncommon,Red,Not Owned,Non-foil,false,,,"","",90615
"Kellan, Planar Trailblazer",1,"Legendary Creature - Human Faerie Scout",R,"fdn","91",rare,Red,Not Owned,Non-foil,false,,,"","",133750
"Ragavan, Nimble Pilferer",1,"Legendary Creature - Monkey Pirate",R,"mh2","138",mythic,Red,Not Owned,Non-foil,false,,,"","",90653
"Voldaren Epicure",1,"Creature - Vampire",R,"vow","182",common,Red,Not Owned,Non-foil,false,,,"","",94710
"Amped Raptor",2,"Creature - Dinosaur",R,"mh3","114",uncommon,Red,Not Owned,Non-foil,false,,,"","",126245
"Dreadhorde Arcanist",2,"Creature - Zombie Wizard",R,"war","125",rare,Red,Not Owned,Non-foil,false,,,"","",71856
"Fear of Missing Out",2,"Enchantment Creature - Nightmare",R,"dsk","136",rare,Red,Not Owned,Non-foil,false,,,"","",130403
"Gau, Feral Youth",2,"Legendary Creature - Human Berserker",R,"fic","55",rare,Red,Not Owned,Non-foil,false,,,"","",140101
"Generous Plunderer",2,"Creature - Human Rogue",R,"big","11",mythic,Red,Not Owned,Non-foil,false,,,"","",125383
"Inti, Seneschal of the Sun",2,"Legendary Creature - Human Knight",R,"lci","156",rare,Red,Not Owned,Non-foil,false,,,"","",118132
"Ivora, Insatiable Heir",2,"Legendary Creature - Vampire Warrior",R,"j25","50",uncommon,Red,Not Owned,Non-foil,false,,,"","",132780
"Kari Zev, Skyship Raider",2,"Legendary Creature - Human Pirate",R,"aer","87",rare,Red,Not Owned,Non-foil,false,,,"","",62745
"Magda, Brazen Outlaw",2,"Legendary Creature - Dwarf Berserker",R,"khm","142",rare,Red,Not Owned,Non-foil,false,,,"","",87619
"Robber of the Rich",2,"Creature - Human Archer Rogue",R,"eld","138",mythic,Red,Not Owned,Non-foil,false,,,"","",78406
"Slickshot Show-Off",2,"Creature - Bird Wizard",R,"otj","146",rare,Red,Not Owned,Non-foil,false,,,"","",124203
"Bonecrusher Giant",3,"Creature - Giant",R,"eld","115",rare,Red,Not Owned,Non-foil,false,,,"","",78352
"Broadside Bombardiers",3,"Creature - Goblin Pirate",R,"lcc","86",rare,Red,Not Owned,Non-foil,false,,,"","",119178
"Death-Greeter's Champion",3,"Creature - Human Warrior",R,"moc","30",rare,Red,Not Owned,Non-foil,false,,,"","",111412
"Detective's Phoenix",3,"Enchantment Creature - Phoenix",R,"mh3","116",rare,Red,Not Owned,Non-foil,false,,,"","",126249
"Goblin Rabblemaster",3,"Creature - Goblin Warrior",R,"m15","145",rare,Red,Not Owned,Non-foil,false,,,"","",53500
"Gut, True Soul Zealot",3,"Legendary Creature - Goblin Shaman",R,"clb","180",uncommon,Red,Not Owned,Non-foil,false,,,"","",100384
"Laelia, the Blade Reforged",3,"Legendary Creature - Spirit Warrior",R,"c21","53",rare,Red,Not Owned,Non-foil,false,,,"","",89849
"Screaming Nemesis",3,"Creature - Spirit",R,"dsk","157",mythic,Red,Not Owned,Non-foil,false,,,"","",130445
"Seasoned Pyromancer",3,"Creature - Human Shaman",R,"mh1","145",mythic,Red,Not Owned,Non-foil,false,,,"","",72662
"Tersa Lightshatter",3,"Legendary Creature - Orc Wizard",R,"tdm","127",rare,Red,Not Owned,Non-foil,false,,,"","",139209
"Glorybringer",5,"Creature - Dragon",R,"akh","134",rare,Red,Not Owned,Non-foil,false,,,"","",63311
"Nia, Skysail Storyteller",1,"Legendary Creature - Bird Scout",,"blb","221",rare,Multicolored,Not Owned,Non-foil,false,,,"","",129668
"Headliner Scarlett",4,"Legendary Creature - Human Warlock",R,"clu","4",rare,Red,Not Owned,Non-foil,false,,,"","",123418
"Pyrogoyf",4,"Creature - Lhurgoyf",R,"m3c","111",rare,Red,Not Owned,Non-foil,false,,,"","",127421
"Fury",5,"Creature - Elemental Incarnation",R,"mh2","126",mythic,Red,Not Owned,Non-foil,false,,,"","",90629
"Goldspan Dragon",5,"Creature - Dragon",R,"khm","139",mythic,Red,Not Owned,Non-foil,false,,,"","",87613
"Oliphaunt",6,"Creature - Elephant",R,"ltr","139",common,Red,Not Owned,Non-foil,false,,,"","",112188
"Embereth Shieldbreaker",2,"Creature - Human Knight",R,"eld","122",uncommon,Red,Not Owned,Non-foil,false,,,"","",78366
"Chandra, Torch of Defiance",4,"Legendary Planeswalker - Chandra",R,"kld","110",mythic,Red,Not Owned,Non-foil,false,,,"","",61573
"Burst Lightning",1,"Instant",R,"zen","119",common,Red,Not Owned,Non-foil,false,,,"","",34408
"Galvanic Blast",1,"Instant",R,"som","91",common,Red,Not Owned,Non-foil,false,,,"","",38203
"Galvanic Discharge",1,"Instant",R,"mh3","122",common,Red,Not Owned,Non-foil,false,,,"","",126261
"Lightning Bolt",1,"Instant",R,"lea","161",common,Red,Not Owned,Non-foil,false,,,"","",
"Monstrous Rage",1,"Instant",R,"woe","142",uncommon,Red,Not Owned,Non-foil,false,,,"","",116610
"Tarfire",1,"Kindred Instant - Goblin",R,"lrw","194",common,Red,Not Owned,Non-foil,false,,,"","",28299
"Unholy Heat",1,"Instant",R,"mh2","145",common,Red,Not Owned,Non-foil,false,,,"","",90667
"Abrade",2,"Instant",R,"hou","83",uncommon,Red,Not Owned,Non-foil,false,,,"","",64650
"Delayed Blast Fireball",3,"Instant",R,"clb","676",rare,Red,Not Owned,Non-foil,false,,,"","",101448
"Goben, Gene-Splice Savant",3,"Legendary Creature - Human Artificer",,"otj","200",rare,Multicolored,Not Owned,Non-foil,false,,,"","",124313
"Mine Collapse",4,"Instant",R,"mh2","135",common,Red,Not Owned,Non-foil,false,,,"","",90647
"Through the Breach",5,"Instant - Arcane",R,"chk","193",rare,Red,Not Owned,Non-foil,false,,,"","",21519
"Fireblast",6,"Instant",R,"vis","79",common,Red,Not Owned,Non-foil,false,,,"","",7551
"Pyrokinesis",6,"Instant",R,"all","78",uncommon,Red,Not Owned,Non-foil,false,,,"","",
"Chain Lightning",1,"Sorcery",R,"leg","137",common,Red,Not Owned,Non-foil,false,,,"","",
"Faithless Looting",1,"Sorcery",R,"dka","87",common,Red,Not Owned,Non-foil,false,,,"","",43267
"Firebolt",1,"Sorcery",R,"ody","193",common,Red,Not Owned,Non-foil,false,,,"","",16705
"Flame Slash",1,"Sorcery",R,"roe","145",common,Red,Not Owned,Non-foil,false,,,"","",36640
"Suplex",2,"Sorcery",R,"fin","164",common,Red,Not Owned,Non-foil,false,,,"","",141267
"Wheel of Fortune",3,"Sorcery",R,"lea","183",rare,Red,Not Owned,Non-foil,false,,,"","",
"Fiery Confluence",4,"Sorcery",R,"c15","26",rare,Red,Not Owned,Non-foil,false,,,"","",
"Mox Ruby",0,"Artifact",R,"lea","264",rare,Red,Not Owned,Non-foil,false,,,"","",653
"Chainsaw",2,"Artifact - Equipment",R,"dsk","128",rare,Red,Not Owned,Non-foil,false,,,"","",130387
"Cori-Steel Cutter",2,"Artifact - Equipment",R,"tdm","103",rare,Red,Not Owned,Non-foil,false,,,"","",139159
"Legion Extruder",2,"Artifact",R,"big","12",mythic,Red,Not Owned,Non-foil,false,,,"","",125385
"Goblin Bombardment",2,"Enchantment",R,"tmp","179",uncommon,Red,Not Owned,Non-foil,false,,,"","",10077
"Underworld Breach",2,"Enchantment",R,"thb","161",rare,Red,Not Owned,Non-foil,false,,,"","",79446
"Fable of the Mirror-Breaker",3,"Enchantment - Saga",R,"neo","141",rare,Red,Not Owned,Non-foil,false,,,"","",97210
"Sneak Attack",4,"Enchantment",R,"usg","218",rare,Red,Not Owned,Non-foil,false,,,"","",12399
"Birds of Paradise",1,"Creature - Bird",G,"lea","186",rare,Green,Not Owned,Non-foil,false,,,"","",
"Delighted Halfling",1,"Creature - Halfling Citizen",G,"ltr","158",rare,Green,Not Owned,Non-foil,false,,,"","",112226
"Elvish Mystic",1,"Creature - Elf Druid",G,"m14","169",common,Green,Not Owned,Non-foil,false,,,"","",49499
"Elvish Reclaimer",1,"Creature - Elf Warrior",G,"m20","169",rare,Green,Not Owned,Non-foil,false,,,"","",73237
"Haywire Mite",1,"Artifact Creature - Insect",G,"bro","199",uncommon,Green,Not Owned,Non-foil,false,,,"","",105018
"Hexdrinker",1,"Creature - Snake",G,"mh1","168",mythic,Green,Not Owned,Non-foil,false,,,"","",72708
"Llanowar Elves",1,"Creature - Elf Druid",G,"lea","210",common,Green,Not Owned,Non-foil,false,,,"","",
"Sylvan Safekeeper",1,"Creature - Human Wizard",G,"jud","133",rare,Green,Not Owned,Non-foil,false,,,"","",17374
"Bristly Bill, Spine Sower",2,"Legendary Creature - Plant Druid",G,"otj","157",mythic,Green,Not Owned,Non-foil,false,,,"","",124225
"Cankerbloom",2,"Creature - Phyrexian Fungus",G,"one","161",uncommon,Green,Not Owned,Non-foil,false,,,"","",106537
"Fanatic of Rhonas",2,"Creature - Snake Druid",G,"mh3","152",rare,Green,Not Owned,Non-foil,false,,,"","",126321
"Keen-Eyed Curator",2,"Creature - Raccoon Scout",G,"blb","181",rare,Green,Not Owned,Non-foil,false,,,"","",129607
"Lotus Cobra",2,"Creature - Snake",G,"zen","168",mythic,Green,Not Owned,Non-foil,false,,,"","",34546
"Scythecat Cub",2,"Creature - Cat",G,"j25","24",rare,Green,Not Owned,Non-foil,false,,,"","",132840
"Springheart Nantuko",2,"Enchantment Creature - Insect Monk",G,"mh3","171",rare,Green,Not Owned,Non-foil,false,,,"","",126359
"Sylvan Caryatid",2,"Creature - Plant",G,"ths","180",rare,Green,Not Owned,Non-foil,false,,,"","",50260
"Cren, Undercity Dreamer",2,"Legendary Creature - Human Warlock",BU,"otj","197",rare,Multicolored,Not Owned,Non-foil,false,,,"","",124310
"Tifa Lockhart",2,"Legendary Creature - Human Monk",G,"pf25","9",rare,Green,Not Owned,Non-foil,false,,,"","",
"Courser of Kruphix",3,"Enchantment Creature - Centaur",G,"bng","119",rare,Green,Not Owned,Non-foil,false,,,"","",51851
"Endurance",3,"Creature - Elemental Incarnation",G,"mh2","157",mythic,Green,Not Owned,Non-foil,false,,,"","",90691
"Eternal Witness",3,"Creature - Human Shaman",G,"5dn","86",uncommon,Green,Not Owned,Non-foil,false,,,"","",20856
"Sentinel of the Nameless City",3,"Creature - Merfolk Warrior Scout",G,"lci","211",rare,Green,Not Owned,Non-foil,false,,,"","",118256
"Six",3,"Legendary Creature - Treefolk",G,"mh3","169",rare,Green,Not Owned,Non-foil,false,,,"","",126355
"Tireless Tracker",3,"Creature - Human Scout",G,"soi","233",rare,Green,Not Owned,Non-foil,false,,,"","",60320
"Traveling Chocobo",3,"Creature - Bird",G,"fin","210",mythic,Green,Not Owned,Non-foil,false,,,"","",141363
"Ursine Monstrosity",3,"Creature - Bear Mutant",G,"dsc","36",rare,Green,Not Owned,Non-foil,false,,,"","",131393
"Baloth Prime",4,"Creature - Beast",G,"eoc","13",rare,Green,Not Owned,Non-foil,false,,,"","",142203
"Icetill Explorer",4,"Creature - Insect Scout",G,"eoe","192",rare,Green,Not Owned,Non-foil,false,,,"","",142997
"Mightform Harmonizer",4,"Creature - Insect Druid",G,"eoe","200",rare,Green,Not Owned,Non-foil,false,,,"","",143013
"Ouroboroid",4,"Creature - Plant Wurm",G,"eoe","201",mythic,Green,Not Owned,Non-foil,false,,,"","",143015
"Questing Beast",4,"Legendary Creature - Beast",G,"eld","171",mythic,Green,Not Owned,Non-foil,false,,,"","",78482
"Sowing Mycospawn",4,"Creature - Eldrazi Fungus",G,"mh3","170",rare,Green,Not Owned,Non-foil,false,,,"","",126357
"Ulvenwald Oddity",4,"Creature - Beast",G,"vow","225",rare,Green,Not Owned,Non-foil,false,,,"","",94812
"Titania, Protector of Argoth",5,"Legendary Creature - Elemental",G,"c14","50",mythic,Green,Not Owned,Non-foil,false,,,"","",55119
"Generous Ent",6,"Creature - Treefolk",G,"ltr","169",common,Green,Not Owned,Non-foil,false,,,"","",112248
"Primeval Titan",6,"Creature - Giant",G,"m11","192",mythic,Green,Not Owned,Non-foil,false,,,"","",37400
"Vaultborn Tyrant",7,"Creature - Dinosaur",G,"big","20",mythic,Green,Not Owned,Non-foil,false,,,"","",125401
"Woodfall Primus",8,"Creature - Treefolk Shaman",G,"shm","135",rare,Green,Not Owned,Non-foil,false,,,"","",29589
"Worldspine Wurm",11,"Creature - Wurm",G,"rtr","140",mythic,Green,Not Owned,Non-foil,false,,,"","",46795
"Nissa, Who Shakes the World",5,"Legendary Planeswalker - Nissa",G,"war","169",rare,Green,Not Owned,Non-foil,false,,,"","",71944
"Berserk",1,"Instant",G,"lea","185",uncommon,Green,Not Owned,Non-foil,false,,,"","",
"Crop Rotation",1,"Instant",G,"ulg","98",common,Green,Not Owned,Non-foil,false,,,"","",12547
"Legolas's Quick Reflexes",1,"Instant",G,"ltc","493",rare,Green,Not Owned,Non-foil,false,,,"","",120076
"Mutagenic Growth",1,"Instant",G,"nph","116",common,Green,Not Owned,Non-foil,false,,,"","",40000
"Once Upon a Time",2,"Instant",G,"eld","169",rare,Green,Not Owned,Non-foil,false,,,"","",78478
"Invigorate",3,"Instant",G,"mmq","254",common,Green,Not Owned,Non-foil,false,,,"","",13231
"Force of Vigor",4,"Instant",G,"mh1","164",rare,Green,Not Owned,Non-foil,false,,,"","",72700
"Green Sun's Zenith",1,"Sorcery",G,"mbs","81",rare,Green,Not Owned,Non-foil,false,,,"","",39581
"Pest Infestation",1,"Sorcery",G,"c21","65",rare,Green,Not Owned,Non-foil,false,,,"","",89873
"Malevolent Rumble",2,"Sorcery",G,"mh3","161",common,Green,Not Owned,Non-foil,false,,,"","",126339
"Natural Order",4,"Sorcery",G,"vis","114",rare,Green,Not Owned,Non-foil,false,,,"","",7647
"Mox Emerald",0,"Artifact",G,"lea","261",rare,Green,Not Owned,Non-foil,false,,,"","",647
"Esika's Chariot",4,"Legendary Artifact - Vehicle",G,"khm","169",rare,Green,Not Owned,Non-foil,false,,,"","",87677
"Exploration",1,"Enchantment",G,"usg","250",rare,Green,Not Owned,Non-foil,false,,,"","",12335
"Fastbond",1,"Enchantment",G,"lea","192",rare,Green,Not Owned,Non-foil,false,,,"","",
"Rancor",1,"Enchantment - Aura",G,"ulg","110",common,Green,Not Owned,Non-foil,false,,,"","",12677
"Oath of Druids",2,"Enchantment",G,"exo","115",rare,Green,Not Owned,Non-foil,false,,,"","",10519
"Walk-In Closet // Forgotten Cellar",8,"Enchantment - Room",G,"dsk","205",mythic,Green,Not Owned,Non-foil,false,,,"","",130541
"Channel",2,"Sorcery",G,"lea","186",uncommon,Green,Not Owned,Non-foil,false,,,"","",
"Walking Ballista",0,"Artifact Creature - Construct",,"aer","181",rare,Colorless,Not Owned,Non-foil,false,,,"","",62561
"Myr Battlesphere",7,"Artifact Creature - Myr Construct",,"som","180",rare,Colorless,Not Owned,Non-foil,false,,,"","",38307
"Blightsteel Colossus",12,"Artifact Creature - Phyrexian Golem",,"mbs","99",mythic,Colorless,Not Owned,Non-foil,false,,,"","",39587
"Emrakul, the Aeons Torn",15,"Legendary Creature - Eldrazi",,"roe","4",mythic,Colorless,Not Owned,Non-foil,false,,,"","",36396
"The Endstone",7,"Artifact",,"fic","232",mythic,Colorless,Not Owned,Non-foil,false,,,"","",141399
"Tezzeret, Cruel Captain",3,"Legendary Planeswalker - Tezzeret",,"eoe","2",mythic,Colorless,Not Owned,Non-foil,false,,,"","",142617
"Karn, Scion of Urza",4,"Legendary Planeswalker - Karn",,"dom","1",mythic,Colorless,Not Owned,Non-foil,false,,,"","",67467
"Ugin, Eye of the Storms",7,"Legendary Planeswalker - Ugin",,"tdm","1",mythic,Colorless,Not Owned,Non-foil,false,,,"","",138945
"Black Lotus",0,"Artifact",,"lea","232",rare,Colorless,Not Owned,Non-foil,false,,,"","",347
"Chrome Mox",0,"Artifact",,"mrd","152",rare,Colorless,Not Owned,Non-foil,false,,,"","",19831
"Everflowing Chalice",0,"Artifact",,"wwk","123",uncommon,Colorless,Not Owned,Non-foil,false,,,"","",35681
"Lion's Eye Diamond",0,"Artifact",,"mir","307",rare,Colorless,Not Owned,Non-foil,false,,,"","",7103
"Lotus Petal",0,"Artifact",,"tmp","294",common,Colorless,Not Owned,Non-foil,false,,,"","",9475
"Mana Crypt",0,"Artifact",,"ema","225",mythic,Colorless,Not Owned,Non-foil,false,,,"","",60697
"Mishra's Bauble",0,"Artifact",,"csp","138",uncommon,Colorless,Not Owned,Non-foil,false,,,"","",24821
"Mox Diamond",0,"Artifact",,"sth","138",rare,Colorless,Not Owned,Non-foil,false,,,"","",10325
"Mox Opal",0,"Legendary Artifact",,"som","179",mythic,Colorless,Not Owned,Non-foil,false,,,"","",38197
"Urza's Bauble",0,"Artifact",,"ice","343",uncommon,Colorless,Not Owned,Non-foil,false,,,"","",
"Zuran Orb",0,"Artifact",,"ice","350",uncommon,Colorless,Not Owned,Non-foil,false,,,"","",
"Candelabra of Tawnos",1,"Artifact",,"atq","43",rare,Colorless,Not Owned,Non-foil,false,,,"","",
"Chromatic Star",1,"Artifact",,"tsp","251",common,Colorless,Not Owned,Non-foil,false,,,"","",25809
"Currency Converter",1,"Artifact",,"ncc","81",rare,Colorless,Not Owned,Non-foil,false,,,"","",
"Expedition Map",1,"Artifact",,"zen","201",common,Colorless,Not Owned,Non-foil,false,,,"","",34832
"Ghost Vacuum",1,"Artifact",,"dsk","248",rare,Colorless,Not Owned,Non-foil,false,,,"","",130627
"Lavaspur Boots",1,"Artifact - Equipment",,"otj","243",uncommon,Colorless,Not Owned,Non-foil,false,,,"","",124397
"Mana Vault",1,"Artifact",,"lea","259",rare,Colorless,Not Owned,Non-foil,false,,,"","",
"Manifold Key",1,"Artifact",,"m20","230",uncommon,Colorless,Not Owned,Non-foil,false,,,"","",73359
"Retrofitter Foundry",1,"Artifact",,"c18","57",rare,Colorless,Not Owned,Non-foil,false,,,"","",
"Sensei's Divining Top",1,"Artifact",,"chk","268",uncommon,Colorless,Not Owned,Non-foil,false,,,"","",21045
"Skullclamp",1,"Artifact - Equipment",,"dst","140",uncommon,Colorless,Not Owned,Non-foil,false,,,"","",20551
"Sol Ring",1,"Artifact",,"lea","269",uncommon,Colorless,Not Owned,Non-foil,false,,,"","",
"Soul-Guide Lantern",1,"Artifact",,"thb","237",uncommon,Colorless,Not Owned,Non-foil,false,,,"","",79598
"Agatha's Soul Cauldron",2,"Legendary Artifact",,"woe","242",mythic,Colorless,Not Owned,Non-foil,false,,,"","",116872
"Grim Monolith",2,"Artifact",,"ulg","126",rare,Colorless,Not Owned,Non-foil,false,,,"","",12551
"Lightning Greaves",2,"Artifact - Equipment",,"mrd","199",uncommon,Colorless,Not Owned,Non-foil,false,,,"","",19737
"Mind Stone",2,"Artifact",,"wth","153",common,Colorless,Not Owned,Non-foil,false,,,"","",9135
"Pentad Prism",2,"Artifact",,"5dn","143",common,Colorless,Not Owned,Non-foil,false,,,"","",20874
"Smuggler's Copter",2,"Artifact - Vehicle",,"kld","235",rare,Colorless,Not Owned,Non-foil,false,,,"","",61797
"Sword of the Meek",2,"Artifact - Equipment",,"fut","165",uncommon,Colorless,Not Owned,Non-foil,false,,,"","",26660
"Umezawa's Jitte",2,"Legendary Artifact - Equipment",,"bok","163",rare,Colorless,Not Owned,Non-foil,false,,,"","",21603
"Basalt Monolith",3,"Artifact",,"lea","231",uncommon,Colorless,Not Owned,Non-foil,false,,,"","",
"Coalition Relic",3,"Artifact",,"fut","161",rare,Colorless,Not Owned,Non-foil,false,,,"","",26926
"Crucible of Worlds",3,"Artifact",,"5dn","114",rare,Colorless,Not Owned,Non-foil,false,,,"","",20790
"Nettlecyst",3,"Artifact - Equipment",,"mh2","231",rare,Colorless,Not Owned,Non-foil,false,,,"","",90843
"The One Ring",4,"Legendary Artifact",,"ltr","246",mythic,Colorless,Not Owned,Non-foil,false,,,"","",112402
"Memory Jar",5,"Artifact",,"ulg","129",rare,Colorless,Not Owned,Non-foil,false,,,"","",12697
"The Mightstone and Weakstone",5,"Legendary Artifact - Powerstone",,"bro","238",rare,Colorless,Not Owned,Non-foil,false,,,"","",105100
"Coveted Jewel",6,"Artifact",,"c18","54",rare,Colorless,Not Owned,Non-foil,false,,,"","",
"Kaldra Compleat",7,"Legendary Artifact - Equipment",,"mh2","227",mythic,Colorless,Not Owned,Non-foil,false,,,"","",90835
"Portal to Phyrexia",9,"Artifact",,"bro","240",mythic,Colorless,Not Owned,Non-foil,false,,,"","",105104
"No More Lies",2,"Instant",UW,"mkm","221",uncommon,Multicolored,Not Owned,Non-foil,false,,,"","",121916
"Talisman of Progress",2,"Artifact",UW,"mrd","256",uncommon,Multicolored,Not Owned,Non-foil,false,,,"","",19677
"Plagon, Lord of the Beach",3,"Legendary Creature - Starfish Wizard",UW,"j25","37",rare,Multicolored,Not Owned,Non-foil,false,,,"","",132754
"Teferi, Time Raveler",3,"Legendary Planeswalker - Teferi",UW,"war","221",rare,Multicolored,Not Owned,Non-foil,false,,,"","",72048
"Shorikai, Genesis Engine",4,"Legendary Artifact - Vehicle",UW,"nec","4",mythic,Multicolored,Not Owned,Non-foil,false,,,"","",
"Fractured Identity",5,"Sorcery",UW,"c17","37",rare,Multicolored,Not Owned,Non-foil,false,,,"","",73846
"Teferi, Hero of Dominaria",5,"Legendary Planeswalker - Teferi",UW,"dom","207",mythic,Multicolored,Not Owned,Non-foil,false,,,"","",67879
"Baleful Strix",2,"Artifact Creature - Bird",BU,"pc2","82",uncommon,Multicolored,Not Owned,Non-foil,false,,,"","",45066
"Psychic Frog",2,"Creature - Frog",BU,"mh3","199",rare,Multicolored,Not Owned,Non-foil,false,,,"","",126417
"Talisman of Dominance",2,"Artifact",BU,"mrd","253",uncommon,Multicolored,Not Owned,Non-foil,false,,,"","",19679
"Ertai Resurrected",4,"Legendary Creature - Phyrexian Human Wizard",BU,"dmu","199",rare,Multicolored,Not Owned,Non-foil,false,,,"","",102874
"Kaito, Bane of Nightmares",4,"Legendary Planeswalker - Kaito",BU,"dsk","220",mythic,Multicolored,Not Owned,Non-foil,false,,,"","",130571
"Fallen Shinobi",5,"Creature - Zombie Ninja",BU,"mh1","199",rare,Multicolored,Not Owned,Non-foil,false,,,"","",72770
"Bloodtithe Harvester",2,"Creature - Vampire",BR,"vow","232",uncommon,Multicolored,Not Owned,Non-foil,false,,,"","",94832
"Carnage Interpreter",3,"Creature - Devil Detective",BR,"clu","26",rare,Multicolored,Not Owned,Non-foil,false,,,"","",123360
"Fire Covenant",3,"Instant",BR,"ice","289",uncommon,Multicolored,Not Owned,Non-foil,false,,,"","",
"Kolaghan's Command",3,"Instant",BR,"dtk","224",rare,Multicolored,Not Owned,Non-foil,false,,,"","",56082
"Orcish Lumberjack",1,"Creature - Orc",GR,"ice","210",common,Multicolored,Not Owned,Non-foil,false,,,"","",24449
"Manamorphose",2,"Instant",GR,"shm","211",common,Multicolored,Not Owned,Non-foil,false,,,"","",29653
"Territorial Kavu",2,"Creature - Kavu",GR,"mh2","216",rare,Multicolored,Not Owned,Non-foil,false,,,"","",90813
"Wrenn and Six",2,"Legendary Planeswalker - Wrenn",GR,"mh1","217",mythic,Multicolored,Not Owned,Non-foil,false,,,"","",72806
"Minsc & Boo, Timeless Heroes",4,"Legendary Planeswalker - Minsc",GR,"clb","285",mythic,Multicolored,Not Owned,Non-foil,false,,,"","",100608
"Bloodbraid Challenger",5,"Creature - Elf Berserker",GR,"m3c","122",rare,Multicolored,Not Owned,Non-foil,false,,,"","",127443
"Etali, Primal Conqueror",7,"Legendary Creature - Elder Dinosaur",GR,"mom","137",rare,Multicolored,Not Owned,Non-foil,false,,,"","",110122
"Avacyn's Pilgrim",1,"Creature - Human Monk",GW,"isd","170",common,Multicolored,Not Owned,Non-foil,false,,,"","",42678
"Brightglass Gearhulk",5,"Artifact Creature - Construct",GW,"fdn","215",mythic,Multicolored,Not Owned,Non-foil,false,,,"","",133934
"Arwen, Mortal Queen",3,"Legendary Creature - Elf Noble",GW,"ltr","193",mythic,Multicolored,Not Owned,Non-foil,false,,,"","",112296
"Knight of the Reliquary",3,"Creature - Human Knight",GW,"con","113",rare,Multicolored,Not Owned,Non-foil,false,,,"","",31925
"Torsten, Founder of Benalia",7,"Legendary Creature - Human Soldier",GW,"dmc","47",mythic,Multicolored,Not Owned,Non-foil,false,,,"","",103536
"Cecil, Dark Knight",1,"Legendary Creature - Human Knight",BW,"fin","91",rare,Multicolored,Not Owned,Non-foil,false,,,"","",141111
"Damn",2,"Sorcery",BW,"mh2","80",rare,Multicolored,Not Owned,Non-foil,false,,,"","",90533
"Sorin of House Markov",2,"Legendary Creature - Human Noble",BW,"mh3","245",mythic,Multicolored,Not Owned,Non-foil,false,,,"","",126525
"Tidehollow Sculler",2,"Artifact Creature - Zombie",BW,"ala","202",uncommon,Multicolored,Not Owned,Non-foil,false,,,"","",31125
"Lingering Souls",3,"Sorcery",BW,"dka","12",uncommon,Multicolored,Not Owned,Non-foil,false,,,"","",43359
"Lurrus of the Dream-Den",3,"Legendary Creature - Cat Nightmare",BW,"iko","226",rare,Multicolored,Not Owned,Non-foil,false,,,"","",80461
"Vindicate",3,"Sorcery",BW,"apc","126",rare,Multicolored,Not Owned,Non-foil,false,,,"","",16154
"Expressive Iteration",2,"Sorcery",RU,"stx","186",uncommon,Multicolored,Not Owned,Non-foil,false,,,"","",88879
"Talisman of Creativity",2,"Artifact",RU,"mh1","231",uncommon,Multicolored,Not Owned,Non-foil,false,,,"","",72834
"Third Path Iconoclast",2,"Creature - Human Monk",RU,"bro","223",uncommon,Multicolored,Not Owned,Non-foil,false,,,"","",105068
"Dack Fayden",3,"Legendary Planeswalker - Dack",RU,"cns","42",mythic,Multicolored,Not Owned,Non-foil,false,,,"","",
"Flame of Anor",3,"Instant",RU,"ltr","203",rare,Multicolored,Not Owned,Non-foil,false,,,"","",112316
"Lutri, the Spellchaser",3,"Legendary Creature - Elemental Otter",RU,"iko","227",rare,Multicolored,Not Owned,Non-foil,false,,,"","",80463
"Saheeli, Sublime Artificer",3,"Legendary Planeswalker - Saheeli",RU,"war","234",uncommon,Multicolored,Not Owned,Non-foil,false,,,"","",72074
"Vivi Ornitier",3,"Legendary Creature - Wizard",RU,"fin","248",mythic,Multicolored,Not Owned,Non-foil,false,,,"","",141463
"Deathrite Shaman",1,"Creature - Elf Shaman",BG,"rtr","213",rare,Multicolored,Not Owned,Non-foil,false,,,"","",46777
"Pillage the Bog",2,"Sorcery",BG,"otj","224",rare,Multicolored,Not Owned,Non-foil,false,,,"","",124359
"Tear Asunder",2,"Instant",BG,"dmu","183",uncommon,Multicolored,Not Owned,Non-foil,false,,,"","",102842
"Wight of the Reliquary",2,"Creature - Zombie Knight",BG,"mh3","207",rare,Multicolored,Not Owned,Non-foil,false,,,"","",126433
"Witherbloom Apprentice",2,"Creature - Human Druid",BG,"stx","247",uncommon,Multicolored,Not Owned,Non-foil,false,,,"","",89001
"Grist, the Hunger Tide",3,"Legendary Planeswalker - Grist",BG,"mh2","202",mythic,Multicolored,Not Owned,Non-foil,false,,,"","",90781
"Life // Death",3,"Sorcery",BG,"apc","130",uncommon,Multicolored,Not Owned,Non-foil,false,,,"","",16342
"Figure of Destiny",1,"Creature - Kithkin",RW,"eve","139",rare,Multicolored,Not Owned,Non-foil,false,,,"","",30238
"Ajani, Nacatl Pariah",2,"Legendary Creature - Cat Warrior",RW,"mh3","237",mythic,Multicolored,Not Owned,Non-foil,false,,,"","",126493
"Forth Eorlingas!",2,"Sorcery",RW,"ltc","56",rare,Multicolored,Not Owned,Non-foil,false,,,"","",113144
"Talisman of Conviction",2,"Artifact",RW,"mh1","230",uncommon,Multicolored,Not Owned,Non-foil,false,,,"","",72832
"Phlage, Titan of Fire's Fury",3,"Legendary Creature - Elder Giant",RW,"mh3","197",mythic,Multicolored,Not Owned,Non-foil,false,,,"","",126413
"Zirda, the Dawnwaker",3,"Legendary Creature - Elemental Fox",RW,"iko","233",rare,Multicolored,Not Owned,Non-foil,false,,,"","",80475
"Otharri, Suns' Glory",5,"Legendary Creature - Phoenix",RW,"onc","3",mythic,Multicolored,Not Owned,Non-foil,false,,,"","",
"Tamiyo, Inquisitive Student",1,"Legendary Creature - Moonfolk Wizard",GU,"mh3","242",mythic,Multicolored,Not Owned,Non-foil,false,,,"","",126513
"Talisman of Curiosity",2,"Artifact",GU,"mh1","232",uncommon,Multicolored,Not Owned,Non-foil,false,,,"","",72836
"Nadu, Winged Wisdom",3,"Legendary Creature - Bird Wizard",GU,"mh3","193",rare,Multicolored,Not Owned,Non-foil,false,,,"","",126403
"Oko, Thief of Crowns",3,"Legendary Planeswalker - Oko",GU,"eld","197",mythic,Multicolored,Not Owned,Non-foil,false,,,"","",78538
"Unruly Krasis",3,"Creature - Shark Octopus Lizard",GU,"clu","50",rare,Multicolored,Not Owned,Non-foil,false,,,"","",123408
"Uro, Titan of Nature's Wrath",3,"Legendary Creature - Elder Giant",GU,"thb","229",mythic,Multicolored,Not Owned,Non-foil,false,,,"","",79582
"Tamiyo, Collector of Tales",4,"Legendary Planeswalker - Tamiyo",GU,"war","220",rare,Multicolored,Not Owned,Non-foil,false,,,"","",72046
"Noble Hierarch",1,"Creature - Human Druid",GUW,"con","87",rare,Multicolored,Not Owned,Non-foil,false,,,"","",31745
"Thopter Foundry",2,"Artifact",BUW,"arb","133",uncommon,Multicolored,Not Owned,Non-foil,false,,,"","",32420
"Relic of Sauron",4,"Artifact",BRU,"ltc","79",rare,Multicolored,Not Owned,Non-foil,false,,,"","",113190
"Ignoble Hierarch",1,"Creature - Goblin Shaman",BGR,"mh2","166",rare,Multicolored,Not Owned,Non-foil,false,,,"","",90709
"Loot, the Pathfinder",5,"Legendary Creature - Beast Noble",GRU,"dft","212",mythic,Multicolored,Not Owned,Non-foil,false,,,"","",136547
"Leovold, Emissary of Trest",3,"Legendary Creature - Elf Advisor",BGU,"cn2","77",mythic,Multicolored,Not Owned,Non-foil,false,,,"","",
"Omnath, Locus of Creation",4,"Legendary Creature - Elemental",GRUW,"znr","232",mythic,Multicolored,Not Owned,Non-foil,false,,,"","",83459
"Atraxa, Grand Unifier",7,"Legendary Creature - Phyrexian Angel",BGUW,"one","196",mythic,Multicolored,Not Owned,Non-foil,false,,,"","",106607
"Celestial Colonnade",0,"Land",UW,"wwk","133",rare,Lands,Not Owned,Non-foil,false,,,"","",35639
"Hallowed Fountain",0,"Land - Plains Island",UW,"dis","174",rare,Lands,Not Owned,Non-foil,false,,,"","",24001
"Meticulous Archive",0,"Land - Plains Island",UW,"mkm","264",rare,Lands,Not Owned,Non-foil,false,,,"","",122020
"Seachrome Coast",0,"Land",UW,"som","229",rare,Lands,Not Owned,Non-foil,false,,,"","",38289
"Tundra",0,"Land - Plains Island",UW,"lea","284",rare,Lands,Not Owned,Non-foil,false,,,"","",
"Creeping Tar Pit",0,"Land",BU,"wwk","134",rare,Lands,Not Owned,Non-foil,false,,,"","",35657
"Darkslick Shores",0,"Land",BU,"som","226",rare,Lands,Not Owned,Non-foil,false,,,"","",38291
"Mana Confluence",0,"Land",,"jou","163",rare,Lands,Not Owned,Non-foil,false,,,"","",55072
"Undercity Sewers",0,"Land - Island Swamp",BU,"mkm","270",rare,Lands,Not Owned,Non-foil,false,,,"","",122032
"Underground Sea",0,"Land - Island Swamp",BU,"lea","285",rare,Lands,Not Owned,Non-foil,false,,,"","",
"Watery Grave",0,"Land - Island Swamp",BU,"rav","286",rare,Lands,Not Owned,Non-foil,false,,,"","",23586
"Badlands",0,"Land - Swamp Mountain",BR,"lea","277",rare,Lands,Not Owned,Non-foil,false,,,"","",
"Blackcleave Cliffs",0,"Land",BR,"som","224",rare,Lands,Not Owned,Non-foil,false,,,"","",38293
"Blazemire Verge",0,"Land",BR,"dsk","256",rare,Lands,Not Owned,Non-foil,false,,,"","",130643
"Blood Crypt",0,"Land - Swamp Mountain",BR,"dis","171",rare,Lands,Not Owned,Non-foil,false,,,"","",24053
"Raucous Theater",0,"Land - Swamp Mountain",BR,"mkm","266",rare,Lands,Not Owned,Non-foil,false,,,"","",122024
"Commercial District",0,"Land - Mountain Forest",GR,"mkm","259",rare,Lands,Not Owned,Non-foil,false,,,"","",122010
"Copperline Gorge",0,"Land",GR,"som","225",rare,Lands,Not Owned,Non-foil,false,,,"","",38301
"Stomping Ground",0,"Land - Mountain Forest",GR,"gpt","165",rare,Lands,Not Owned,Non-foil,false,,,"","",23709
"Taiga",0,"Land - Mountain Forest",GR,"lea","282",rare,Lands,Not Owned,Non-foil,false,,,"","",
"Thornspire Verge",0,"Land",GR,"dsk","270",rare,Lands,Not Owned,Non-foil,false,,,"","",130671
"Horizon Canopy",0,"Land",GW,"fut","177",rare,Lands,Not Owned,Non-foil,false,,,"","",26700
"Lush Portico",0,"Land - Forest Plains",GW,"mkm","263",rare,Lands,Not Owned,Non-foil,false,,,"","",122018
"Razorverge Thicket",0,"Land",GW,"som","228",rare,Lands,Not Owned,Non-foil,false,,,"","",38299
"Savannah",0,"Land - Forest Plains",GW,"lea","280",rare,Lands,Not Owned,Non-foil,false,,,"","",
"Temple Garden",0,"Land - Forest Plains",GW,"rav","284",rare,Lands,Not Owned,Non-foil,false,,,"","",23594
"Bleachbone Verge",0,"Land",BW,"dft","250",rare,Lands,Not Owned,Non-foil,false,,,"","",136623
"Concealed Courtyard",0,"Land",BW,"kld","245",rare,Lands,Not Owned,Non-foil,false,,,"","",61859
"Godless Shrine",0,"Land - Plains Swamp",BW,"gpt","157",rare,Lands,Not Owned,Non-foil,false,,,"","",23755
"Scrubland",0,"Land - Plains Swamp",BW,"lea","281",rare,Lands,Not Owned,Non-foil,false,,,"","",
"Shadowy Backstreet",0,"Land - Plains Swamp",BW,"mkm","268",rare,Lands,Not Owned,Non-foil,false,,,"","",122028
"Riverpyre Verge",0,"Land",RU,"dft","260",rare,Lands,Not Owned,Non-foil,false,,,"","",136643
"Spirebluff Canal",0,"Land",RU,"kld","249",rare,Lands,Not Owned,Non-foil,false,,,"","",61851
"Steam Vents",0,"Land - Island Mountain",RU,"gpt","164",rare,Lands,Not Owned,Non-foil,false,,,"","",23739
"Thundering Falls",0,"Land - Island Mountain",RU,"mkm","269",rare,Lands,Not Owned,Non-foil,false,,,"","",122030
"Volcanic Island",0,"Land - Island Mountain",RU,"leb","287",rare,Lands,Not Owned,Non-foil,false,,,"","",
"Bayou",0,"Land - Swamp Forest",BG,"lea","278",rare,Lands,Not Owned,Non-foil,false,,,"","",
"Blooming Marsh",0,"Land",BG,"kld","243",rare,Lands,Not Owned,Non-foil,false,,,"","",61849
"Overgrown Tomb",0,"Land - Swamp Forest",BG,"rav","279",rare,Lands,Not Owned,Non-foil,false,,,"","",23592
"Underground Mortuary",0,"Land - Swamp Forest",BG,"mkm","271",rare,Lands,Not Owned,Non-foil,false,,,"","",122034
"Wastewood Verge",0,"Land",BG,"dft","268",rare,Lands,Not Owned,Non-foil,false,,,"","",136659
"Inspiring Vantage",0,"Land",RW,"kld","246",rare,Lands,Not Owned,Non-foil,false,,,"","",61855
"Plateau",0,"Land - Mountain Plains",RW,"lea","279",rare,Lands,Not Owned,Non-foil,false,,,"","",
"Sacred Foundry",0,"Land - Mountain Plains",RW,"rav","280",rare,Lands,Not Owned,Non-foil,false,,,"","",23590
"Sunbaked Canyon",0,"Land",RW,"mh1","247",rare,Lands,Not Owned,Non-foil,false,,,"","",72866
"Sunbillow Verge",0,"Land",RW,"dft","264",rare,Lands,Not Owned,Non-foil,false,,,"","",136651
"Botanical Sanctum",0,"Land",GU,"kld","244",rare,Lands,Not Owned,Non-foil,false,,,"","",61853
"Breeding Pool",0,"Land - Forest Island",GU,"dis","172",rare,Lands,Not Owned,Non-foil,false,,,"","",24029
"Hedge Maze",0,"Land - Forest Island",GU,"mkm","262",rare,Lands,Not Owned,Non-foil,false,,,"","",122016
"Tropical Island",0,"Land - Forest Island",GU,"lea","283",rare,Lands,Not Owned,Non-foil,false,,,"","",
"Waterlogged Grove",0,"Land",GU,"mh1","249",rare,Lands,Not Owned,Non-foil,false,,,"","",72870
"Spara's Headquarters",0,"Land - Forest Plains Island",GUW,"snc","257",rare,Lands,Not Owned,Non-foil,false,,,"","",98733
"Multiversal Passage",0,"Land",,"otj","265",uncommon,Lands,Not Owned,Non-foil,false,,,"","",124463
"Raffine's Tower",0,"Land - Plains Island Swamp",BUW,"snc","254",rare,Lands,Not Owned,Non-foil,false,,,"","",98727
"Xander's Lounge",0,"Land - Island Swamp Mountain",BRU,"snc","260",rare,Lands,Not Owned,Non-foil,false,,,"","",98739
"Twisted Landscape",0,"Land",BGR,"mh3","232",common,Lands,Not Owned,Non-foil,false,,,"","",126483
"Ziatora's Proving Ground",0,"Land - Swamp Mountain Forest",BGR,"snc","261",rare,Lands,Not Owned,Non-foil,false,,,"","",98741
"Jetmir's Garden",0,"Land - Mountain Forest Plains",GRW,"snc","250",rare,Lands,Not Owned,Non-foil,false,,,"","",98719
"Sheltering Landscape",0,"Land",GRW,"mh3","227",common,Lands,Not Owned,Non-foil,false,,,"","",126473
"Savai Triome",0,"Land - Mountain Plains Swamp",BRW,"iko","253",rare,Lands,Not Owned,Non-foil,false,,,"","",80515
"Bountiful Landscape",0,"Land",GRU,"mh3","217",common,Lands,Not Owned,Non-foil,false,,,"","",126453
"Ketria Triome",0,"Land - Forest Island Mountain",GRU,"iko","250",rare,Lands,Not Owned,Non-foil,false,,,"","",80509
"Indatha Triome",0,"Land - Plains Swamp Forest",BGW,"iko","248",rare,Lands,Not Owned,Non-foil,false,,,"","",80505
"Raugrin Triome",0,"Land - Island Mountain Plains",RUW,"iko","251",rare,Lands,Not Owned,Non-foil,false,,,"","",80511
"Zagoth Triome",0,"Land - Swamp Forest Island",BGU,"iko","259",rare,Lands,Not Owned,Non-foil,false,,,"","",80527
"Ancient Tomb",0,"Land",,"tmp","315",uncommon,Lands,Not Owned,Non-foil,false,,,"","",10043
"Arena of Glory",0,"Land",R,"mh3","215",rare,Lands,Not Owned,Non-foil,false,,,"","",126449
"Arid Mesa",0,"Land",,"zen","211",rare,Lands,Not Owned,Non-foil,false,,,"","",34414
"Bloodstained Mire",0,"Land",,"ons","313",rare,Lands,Not Owned,Non-foil,false,,,"","",18249
"Boseiju, Who Endures",0,"Legendary Land",G,"neo","266",rare,Lands,Not Owned,Non-foil,false,,,"","",97482
"City of Traitors",0,"Land",,"exo","143",rare,Lands,Not Owned,Non-foil,false,,,"","",10685
"Dark Depths",0,"Legendary Snow Land",,"csp","145",rare,Lands,Not Owned,Non-foil,false,,,"","",24583
"Fabled Passage",0,"Land",,"eld","244",rare,Lands,Not Owned,Non-foil,false,,,"","",78634
"Field of the Dead",0,"Land",,"m20","247",rare,Lands,Not Owned,Non-foil,false,,,"","",73393
"Flooded Strand",0,"Land",,"ons","316",rare,Lands,Not Owned,Non-foil,false,,,"","",18245
"Gaea's Cradle",0,"Legendary Land",G,"usg","321",rare,Lands,Not Owned,Non-foil,false,,,"","",11867
"Karakas",0,"Legendary Land",W,"leg","303",uncommon,Lands,Not Owned,Non-foil,false,,,"","",
"Library of Alexandria",0,"Land",,"arn","76",uncommon,Lands,Not Owned,Non-foil,false,,,"","",
"Marsh Flats",0,"Land",,"zen","219",rare,Lands,Not Owned,Non-foil,false,,,"","",34646
"Mishra's Workshop",0,"Land",,"atq","81",rare,Lands,Not Owned,Non-foil,false,,,"","",
"Misty Rainforest",0,"Land",,"zen","220",rare,Lands,Not Owned,Non-foil,false,,,"","",34622
"Otawara, Soaring City",0,"Legendary Land",U,"neo","271",rare,Lands,Not Owned,Non-foil,false,,,"","",97492
"Polluted Delta",0,"Land",,"ons","321",rare,Lands,Not Owned,Non-foil,false,,,"","",18247
"Prismatic Vista",0,"Land",,"mh1","244",rare,Lands,Not Owned,Non-foil,false,,,"","",72860
"Scalding Tarn",0,"Land",,"zen","223",rare,Lands,Not Owned,Non-foil,false,,,"","",34590
"Shelldock Isle",0,"Land",U,"lrw","272",rare,Lands,Not Owned,Non-foil,false,,,"","",28707
"Shifting Woodland",0,"Land",G,"mh3","228",rare,Lands,Not Owned,Non-foil,false,,,"","",126475
"Starting Town",0,"Land - Town",,"fin","289",rare,Lands,Not Owned,Non-foil,false,,,"","",141555
"Strip Mine",0,"Land",,"atq","82a",uncommon,Lands,Not Owned,Non-foil,false,,,"","",
"Talon Gates of Madara",0,"Land - Gate",,"m3c","134",rare,Lands,Not Owned,Non-foil,false,,,"","",127467
"Thespian's Stage",0,"Land",,"gtc","248",rare,Lands,Not Owned,Non-foil,false,,,"","",47805
"Tolarian Academy",0,"Legendary Land",U,"usg","330",rare,Lands,Not Owned,Non-foil,false,,,"","",11931
"Urborg, Tomb of Yawgmoth",0,"Legendary Land",,"plc","165",rare,Lands,Not Owned,Non-foil,false,,,"","",26479
"Urza's Saga",0,"Enchantment Land - Urza's Saga",,"mh2","259",rare,Lands,Not Owned,Non-foil,false,,,"","",90899
"Verdant Catacombs",0,"Land",,"zen","229",rare,Lands,Not Owned,Non-foil,false,,,"","",34704
"Wasteland",0,"Land",,"tmp","330",uncommon,Lands,Not Owned,Non-foil,false,,,"","",10035
"Windswept Heath",0,"Land",,"ons","328",rare,Lands,Not Owned,Non-foil,false,,,"","",18255
"Wooded Foothills",0,"Land",,"ons","330",rare,Lands,Not Owned,Non-foil,false,,,"","",18251
"Yavimaya, Cradle of Growth",0,"Legendary Land",,"mh2","261",rare,Lands,Not Owned,Non-foil,false,,,"","",90903
